,valence,year,acousticness,danceability,duration_ms,energy,explicit,instrumentalness,key,liveness,loudness,mode,popularity,speechiness,tempo,cluster
count,65929.0,65929.0,65929.0,65929.0,65929.0,65929.0,65929.0,65929.0,65929.0,65929.0,65929.0,65929.0,65929.0,65929.0,65929.0,65929.0
mean,0.5406239019247979,1969.708474267773,0.5497766086814604,0.5453030487342444,224671.6586176038,0.45023678795370775,0.08478818122525747,0.17196359153134433,5.2050994251391645,0.19901196241411215,-11.795817819169105,0.7108859530707275,33.66031640097681,0.1042466835535197,116.10516161325063,1.8484278542067982
std,0.2581032639477582,27.29479506818804,0.3776893163676201,0.17294226347887612,120076.65861825595,0.261926611290115,0.27856834453762186,0.3178824506038363,3.4966454827335163,0.16095490772552878,5.622347204891894,0.45335442232926015,25.08522900313381,0.1772805312938695,30.709590684373747,1.3160030957280417
min,0.0,1921.0,0.0,0.0,5991.0,0.0,0.0,0.0,0.0,0.0,-60.0,0.0,0.0,0.0,0.0,0.0
25%,0.336,1947.0,0.143,0.425,167493.0,0.228,0.0,0.0,2.0,0.0994,-15.045,0.0,4.0,0.0351,92.815,1.0
50%,0.556,1968.0,0.629,0.557,200533.0,0.422,0.0,0.000212,5.0,0.135,-11.072,1.0,38.0,0.0455,114.078,2.0
75%,0.754,1993.0,0.936,0.674,254400.0,0.664,0.0,0.117,8.0,0.253,-7.532,1.0,54.0,0.0775,134.287,3.0
max,1.0,2020.0,0.996,0.988,4120258.0,1.0,1.0,1.0,11.0,0.999,3.855,1.0,100.0,0.97,243.372,5.0
